location,year,co2_mt,cavern_gwh,npv_m,storage_dec
Koln,2019,10.03370015829418,1.195837405347564e-13,3457.4314585039897,PEM oversizing
Koln,2020,11.815048140122432,3.604141944731998e-13,3253.07123656245,PEM oversizing
Koln,2021,10.831035715239457,-0.0,3430.783647767633,PEM oversizing
Rotterdam,2019,7.598978803465003,16.72226287972415,2831.4971226562607,Salt cavern
Rotterdam,2020,8.50590002420228,150.84744569152267,2826.088874222902,Salt cavern
Rotterdam,2021,10.698959086809948,-0.0,2964.5789217889856,PEM oversizing
Tarragona,2019,10.18854098147356,135.27512552107552,3128.356639752032,Salt cavern
Tarragona,2020,15.082076963410834,-3.2882559562214415e-14,3362.5022707974404,PEM oversizing
Tarragona,2021,11.185855198677856,1.3966936995806172,3262.2817643862113,Salt cavern
